"context","model","beta","SE","CI_lower","CI_upper","p"
"Practice","Wellbeing→sRPE (unadjusted)",0.0463580743287281,0.0403242492627621,-0.0326760019299014,0.125392150587358,0.250502192906928
"Practice","Wellbeing→sRPE (adjusted for duration)",0.0278545465087049,0.03582766701491,-0.0423663904906124,0.0980754835080222,0.437026499178662
"Practice","Wellbeing→Duration",0.446498684733759,0.445518052068878,-0.426700651783683,1.3196980212512,0.316426071867611
"Game","Wellbeing→sRPE (unadjusted)",-0.0220683018671749,0.0895943707156052,-0.197670041687291,0.153533437952941,0.80575595237349
"Game","Wellbeing→sRPE (adjusted for TOI)",-0.0947320950136508,0.0767987158033579,-0.245254812047159,0.0557906220198577,0.219209128159229
"Game","Wellbeing→TOI",0.383488555659002,0.25073303717537,-0.107939166939067,0.87491627825707,0.128137673751357
